id,title,brandId,contentType,currentStage,editStatus,revisionRound,assignedToId,department,clientStatus,targetDelivery,internalNotes,priority,deadline,lastUpdated,overallStatus
proj_001,"Job Hopping",brand_002,REEL,REVISION_R2,REVISING,R2,user_009,EDITOR,✏️ Refining,2026-07-17,"⚡ EDITOR DELAY • 34 days late • Original status: Internal Revision R2",HIGH,2026-07-15,2026-08-18T16:15:00Z,⚠️ OVERDUE
proj_002,"companies hire on skills",brand_002,REEL,REVISION_R2,REVISING,R2,user_011,EDITOR,✏️ Refining,2026-07-17,"⚡ EDITOR DELAY • 34 days late • Original status: External Revision R2",HIGH,2026-07-15,2026-08-18T16:15:00Z,⚠️ OVERDUE
proj_003,"companies hire on skills",brand_002,REEL,REVISION_R2,REVISING,R2,user_012,EDITOR,✏️ Refining,2026-07-17,"⚡ EDITOR DELAY • 34 days late • Original status: External Revision R2",HIGH,2026-07-15,2026-08-18T16:15:00Z,⚠️ OVERDUE
proj_004,"Shivani",brand_003,REEL,PRE_PRODUCTION,EDIT_IN_PROGRESS,R0,user_007,EDITOR,🎬 Being crafted,2026-07-15,"⚡ EDITOR DELAY • 39 days late • Original status: Not Started",HIGH,2026-07-10,2026-08-18T16:15:00Z,⚠️ OVERDUE
proj_005,"Founder team Photos",brand_004,STATIC,EDIT_IN_PROGRESS,EDIT_IN_PROGRESS,R0,user_008,EDITOR,🎬 Being crafted,2026-07-03,"⚡ EDITOR DELAY • 46 days late • Original status: In Progress",HIGH,2026-07-03,2026-08-18T16:15:00Z,⚠️ OVERDUE
proj_006,"BSS_Rakhi_NoShoot_Assets",brand_001,REEL,PRE_PRODUCTION,EDIT_IN_PROGRESS,R0,user_002,EDITOR,🎬 Being crafted,2026-07-25,"⚡ EDITOR DELAY • 50 days late • Original status: —",HIGH,2026-06-29,2026-08-18T16:15:00Z,⚠️ OVERDUE
proj_007,"The Thursday Order (Sales Lead)",brand_001,REEL,EDIT_IN_PROGRESS,EDIT_IN_PROGRESS,R0,user_002,EDITOR,🎬 Being crafted,2026-07-21,"⚡ EDITOR DELAY • 34 days late • Original status: In Progress",HIGH,2026-07-15,2026-08-18T16:15:00Z,⚠️ OVERDUE
proj_008,"The Address List (Sales Lead)",brand_001,REEL,EDIT_IN_PROGRESS,EDIT_IN_PROGRESS,R0,user_007,EDITOR,🎬 Being crafted,2026-07-21,"⚡ EDITOR DELAY • 34 days late • Original status: In Progress",HIGH,2026-07-15,2026-08-18T16:15:00Z,⚠️ OVERDUE
proj_009,"(TOF)- Pan-India Sibling Video Call (cast Only)",brand_001,VIDEO,PRE_PRODUCTION,EDIT_IN_PROGRESS,R0,user_002,EDITOR,🎬 Being crafted,2026-07-30,"⚡ EDITOR DELAY • 26 days late • Original status: Not Started",HIGH,2026-07-23,2026-08-18T16:15:00Z,⚠️ OVERDUE
proj_010,"(TOF/MOF) - Live Translation (cast Only)",brand_001,REEL,PRE_PRODUCTION,EDIT_IN_PROGRESS,R0,user_002,EDITOR,🎬 Being crafted,2026-07-30,"⚡ EDITOR DELAY • 26 days late • Original status: Not Started",HIGH,2026-07-23,2026-08-18T16:15:00Z,⚠️ OVERDUE
proj_011,"(TOF) - The First Time They Covered for You (cast Only)",brand_001,REEL,PRE_PRODUCTION,EDIT_IN_PROGRESS,R0,user_002,EDITOR,🎬 Being crafted,2026-07-30,"⚡ EDITOR DELAY • 26 days late • Original status: Not Started",HIGH,2026-07-23,2026-08-18T16:15:00Z,⚠️ OVERDUE
proj_012,"Hamper for Kids",brand_001,REEL,PRE_PRODUCTION,EDIT_IN_PROGRESS,R0,user_002,EDITOR,🎬 Being crafted,2026-07-21,"⚡ EDITOR DELAY • 26 days late • Original status: Not Started",HIGH,2026-07-23,2026-08-18T16:15:00Z,⚠️ OVERDUE
proj_013,"(TOF) - Sibling Code Dictionary Card",brand_001,STATIC,PRE_PRODUCTION,EDIT_IN_PROGRESS,R0,user_002,EDITOR,🎬 Being crafted,2026-07-21,"⚡ EDITOR DELAY • 29 days late • Original status: Not Started",HIGH,2026-07-20,2026-08-18T16:15:00Z,⚠️ OVERDUE
proj_014,"(TOF) - Product + Offer Static",brand_001,STATIC,PRE_PRODUCTION,EDIT_IN_PROGRESS,R0,user_002,EDITOR,🎬 Being crafted,2026-07-21,"⚡ EDITOR DELAY • 29 days late • Original status: Not Started",HIGH,2026-07-20,2026-08-18T16:15:00Z,⚠️ OVERDUE
proj_015,"(MOF) - Products = Type of Sibling (Carousel, 6 cards)",brand_001,CAROUSEL,PRE_PRODUCTION,EDIT_IN_PROGRESS,R0,user_002,EDITOR,🎬 Being crafted,2026-07-21,"⚡ EDITOR DELAY • 29 days late • Original status: Not Started",HIGH,2026-07-20,2026-08-18T16:15:00Z,⚠️ OVERDUE
proj_016,"(MOF Static) - Hero Product Offer Image",brand_001,STATIC,PRE_PRODUCTION,EDIT_IN_PROGRESS,R0,user_002,EDITOR,🎬 Being crafted,2026-07-21,"⚡ EDITOR DELAY • 29 days late • Original status: Not Started",HIGH,2026-07-20,2026-08-18T16:15:00Z,⚠️ OVERDUE
proj_017,"BOF Static 1 — Snack Attack Rakhi Hamper",brand_001,STATIC,PRE_PRODUCTION,EDIT_IN_PROGRESS,R0,user_002,EDITOR,🎬 Being crafted,2026-07-21,"⚡ EDITOR DELAY • 29 days late • Original status: Not Started",HIGH,2026-07-20,2026-08-18T16:15:00Z,⚠️ OVERDUE
proj_018,"(BOF Static) - Buyer Re-engagement",brand_001,STATIC,PRE_PRODUCTION,EDIT_IN_PROGRESS,R0,user_002,EDITOR,🎬 Being crafted,2026-07-21,"⚡ EDITOR DELAY • 29 days late • Original status: Not Started",HIGH,2026-07-20,2026-08-18T16:15:00Z,⚠️ OVERDUE
proj_019,"(BOF Static)- Urgency: Crunch Bar Countdown (design adaptation)",brand_001,STATIC,PRE_PRODUCTION,EDIT_IN_PROGRESS,R0,user_002,EDITOR,🎬 Being crafted,2026-07-21,"⚡ EDITOR DELAY • 29 days late • Original status: Not Started",HIGH,2026-07-20,2026-08-18T16:15:00Z,⚠️ OVERDUE
proj_020,"(BOF Static) - Urgency: Katli Bites Countdown (design adaptation)",brand_001,STATIC,PRE_PRODUCTION,EDIT_IN_PROGRESS,R0,user_002,EDITOR,🎬 Being crafted,2026-07-21,"⚡ EDITOR DELAY • 29 days late • Original status: Not Started",HIGH,2026-07-20,2026-08-18T16:15:00Z,⚠️ OVERDUE
proj_021,"(BOF Static 6) - Same-Day Delivery / Mumbai (design adaptation)",brand_001,STATIC,PRE_PRODUCTION,EDIT_IN_PROGRESS,R0,user_002,EDITOR,🎬 Being crafted,2026-07-21,"⚡ EDITOR DELAY • 29 days late • Original status: Not Started",HIGH,2026-07-20,2026-08-18T16:15:00Z,⚠️ OVERDUE
proj_022,"Numbers / Scale Proof - Onboarding",brand_001,REEL,PRE_PRODUCTION,EDIT_IN_PROGRESS,R0,user_002,EDITOR,🎬 Being crafted,2026-07-28,"⚡ EDITOR DELAY • 23 days late • Original status: Not Started",HIGH,2026-07-26,2026-08-18T16:15:00Z,⚠️ OVERDUE
proj_023,"Hamper for Kids",brand_001,REEL,PRE_PRODUCTION,EDIT_IN_PROGRESS,R0,user_002,EDITOR,🎬 Being crafted,2026-07-21,"⚡ EDITOR DELAY • 29 days late • Original status: Not Started",HIGH,2026-07-20,2026-08-18T16:15:00Z,⚠️ OVERDUE
proj_024,"Mithai Box of 9",brand_001,REEL,PRE_PRODUCTION,EDIT_IN_PROGRESS,R0,user_002,EDITOR,🎬 Being crafted,2026-07-21,"⚡ EDITOR DELAY • 29 days late • Original status: Not Started",HIGH,2026-07-20,2026-08-18T16:15:00Z,⚠️ OVERDUE
proj_025,"Guilt-Free Hamper",brand_001,REEL,PRE_PRODUCTION,EDIT_IN_PROGRESS,R0,user_002,EDITOR,🎬 Being crafted,2026-07-21,"⚡ EDITOR DELAY • 29 days late • Original status: Not Started",HIGH,2026-07-20,2026-08-18T16:15:00Z,⚠️ OVERDUE
proj_026,"Occasion Static Ladder -  Diwali",brand_001,STATIC,PRE_PRODUCTION,EDIT_IN_PROGRESS,R0,user_002,EDITOR,🎬 Being crafted,2026-07-28,"⚡ EDITOR DELAY • 23 days late • Original status: Not Started",HIGH,2026-07-26,2026-08-18T16:15:00Z,⚠️ OVERDUE
proj_027,"Occasion Static Ladder -  Anniv",brand_001,STATIC,PRE_PRODUCTION,EDIT_IN_PROGRESS,R0,user_002,EDITOR,🎬 Being crafted,2026-07-28,"⚡ EDITOR DELAY • 23 days late • Original status: Not Started",HIGH,2026-07-26,2026-08-18T16:15:00Z,⚠️ OVERDUE
proj_028,"Occasion Static Ladder - Bday",brand_001,STATIC,PRE_PRODUCTION,EDIT_IN_PROGRESS,R0,user_002,EDITOR,🎬 Being crafted,2026-07-28,"⚡ EDITOR DELAY • 23 days late • Original status: Not Started",HIGH,2026-07-26,2026-08-18T16:15:00Z,⚠️ OVERDUE
proj_029,"Occasion Static Ladder - Year-End",brand_001,STATIC,PRE_PRODUCTION,EDIT_IN_PROGRESS,R0,user_002,EDITOR,🎬 Being crafted,2026-07-28,"⚡ EDITOR DELAY • 23 days late • Original status: Not Started",HIGH,2026-07-26,2026-08-18T16:15:00Z,⚠️ OVERDUE
proj_030,"Occasion Static Ladder - New Year",brand_001,STATIC,PRE_PRODUCTION,EDIT_IN_PROGRESS,R0,user_002,EDITOR,🎬 Being crafted,2026-07-28,"⚡ EDITOR DELAY • 23 days late • Original status: Not Started",HIGH,2026-07-26,2026-08-18T16:15:00Z,⚠️ OVERDUE
proj_031,"Occasion Static Ladder - FY-End",brand_001,STATIC,PRE_PRODUCTION,EDIT_IN_PROGRESS,R0,user_002,EDITOR,🎬 Being crafted,2026-07-28,"⚡ EDITOR DELAY • 23 days late • Original status: Not Started",HIGH,2026-07-26,2026-08-18T16:15:00Z,⚠️ OVERDUE
proj_032,"Occasion Static Ladder - Promotion",brand_001,STATIC,PRE_PRODUCTION,EDIT_IN_PROGRESS,R0,user_002,EDITOR,🎬 Being crafted,2026-07-28,"⚡ EDITOR DELAY • 23 days late • Original status: Not Started",HIGH,2026-07-26,2026-08-18T16:15:00Z,⚠️ OVERDUE
proj_033,"Lakshmi Venugopal",brand_003,REEL,PRE_PRODUCTION,EDIT_IN_PROGRESS,R0,user_007,EDITOR,🎬 Being crafted,2026-07-21,"🔴 OVERDUE • 28 days late • Original status: Not Started",HIGH,2026-07-20,2026-08-18T16:15:00Z,⚠️ OVERDUE
proj_034,"Saranya Ramesh",brand_003,REEL,PRE_PRODUCTION,EDIT_IN_PROGRESS,R0,user_008,EDITOR,🎬 Being crafted,2026-07-21,"🔴 OVERDUE • 28 days late • Original status: Not Started",HIGH,2026-07-20,2026-08-18T16:15:00Z,⚠️ OVERDUE
proj_035,"Rashis",brand_003,REEL,PRE_PRODUCTION,EDIT_IN_PROGRESS,R0,user_008,EDITOR,🎬 Being crafted,2026-07-21,"🔴 OVERDUE • 28 days late • Original status: Not Started",HIGH,2026-07-20,2026-08-18T16:15:00Z,⚠️ OVERDUE
proj_036,"Komala Sneha",brand_003,REEL,PRE_PRODUCTION,EDIT_IN_PROGRESS,R0,user_008,EDITOR,🎬 Being crafted,2026-07-21,"🔴 OVERDUE • 28 days late • Original status: Not Started",HIGH,2026-07-20,2026-08-18T16:15:00Z,⚠️ OVERDUE
proj_037,"Siri",brand_003,REEL,PRE_PRODUCTION,EDIT_IN_PROGRESS,R0,user_007,EDITOR,🎬 Being crafted,2026-07-21,"🔴 OVERDUE • 28 days late • Original status: Not Started",HIGH,2026-07-20,2026-08-18T16:15:00Z,⚠️ OVERDUE
proj_038,"Rishi",brand_003,REEL,PRE_PRODUCTION,EDIT_IN_PROGRESS,R0,user_007,EDITOR,🎬 Being crafted,2026-07-21,"🔴 OVERDUE • 28 days late • Original status: Not Started",HIGH,2026-07-20,2026-08-18T16:15:00Z,⚠️ OVERDUE
proj_039,"Vicky Khushal",brand_005,REEL,PRE_PRODUCTION,EDIT_IN_PROGRESS,R0,user_007,EDITOR,🎬 Being crafted,2026-06-30,"🔴 OVERDUE • 49 days late • Original status: —",HIGH,2026-07-20,2026-08-18T16:15:00Z,⚠️ OVERDUE
proj_040,"MS Dhoni",brand_005,REEL,PRE_PRODUCTION,EDIT_IN_PROGRESS,R0,user_007,EDITOR,🎬 Being crafted,2026-07-01,"🔴 OVERDUE • 48 days late • Original status: —",HIGH,2026-07-20,2026-08-18T16:15:00Z,⚠️ OVERDUE
proj_041,"Hritik Roshan",brand_005,REEL,PRE_PRODUCTION,EDIT_IN_PROGRESS,R0,user_007,EDITOR,🎬 Being crafted,2026-07-02,"🔴 OVERDUE • 47 days late • Original status: —",HIGH,2026-07-20,2026-08-18T16:15:00Z,⚠️ OVERDUE
proj_042,"Prathiba",brand_003,REEL,FIRST_CUT_SENT,FIRST_CUT_SENT,R0,user_007,EDITOR,📋 Awaiting your feedback,2026-07-21,"⏳ BRAND SLOW • 48 days late • Original status: First Cut Sent",HIGH,2026-07-20,2026-08-18T16:15:00Z,⚠️ OVERDUE
proj_043,"Shreyas",brand_003,REEL,FIRST_CUT_SENT,FIRST_CUT_SENT,R0,user_007,EDITOR,📋 Awaiting your feedback,2026-07-21,"⏳ BRAND SLOW • 53 days late • Original status: First Cut Sent",HIGH,2026-06-25,2026-08-18T16:15:00Z,⚠️ OVERDUE
proj_044,"Sankalp",brand_003,REEL,FIRST_CUT_SENT,FIRST_CUT_SENT,R0,user_007,EDITOR,📋 Awaiting your feedback,2026-07-15,"⏳ BRAND SLOW • 40 days late • Original status: First Cut Sent",HIGH,2026-07-10,2026-08-18T16:15:00Z,⚠️ OVERDUE
proj_045,"Client Testimonial Series",brand_001,VIDEO,FIRST_CUT_SENT,FIRST_CUT_SENT,R0,user_008,EDITOR,📋 Awaiting your feedback,2026-07-21,"⏳ BRAND SLOW • 24 days late • Original status: First Cut Sent",HIGH,2026-07-15,2026-08-18T16:15:00Z,⚠️ OVERDUE
proj_046,"Festive Sweet Hamper Hero Reel",brand_001,REEL,EDIT_IN_PROGRESS,EDIT_IN_PROGRESS,R0,user_002,EDITOR,🎬 Being crafted,2026-08-20,"On track for festive delivery schedule",MEDIUM,2026-08-18,2026-08-18T16:15:00Z,✅ On Track
proj_047,"Kaju Katli Craftsmanship Story",brand_001,STORY,FIRST_CUT_READY,FIRST_CUT_READY,R0,user_002,EDITOR,🎬 Almost ready,2026-08-21,"On track for festive delivery schedule",MEDIUM,2026-08-19,2026-08-18T16:15:00Z,✅ On Track
proj_048,"Rakhi Gifting Guide Carousel (8 Slides)",brand_001,CAROUSEL,CONCEPT_APPROVED,EDIT_IN_PROGRESS,R0,user_003,CREATIVE,🎬 Being crafted,2026-08-22,"On track for festive delivery schedule",MEDIUM,2026-08-20,2026-08-18T16:15:00Z,✅ On Track
proj_049,"Signature Mithai Box Unboxing",brand_001,REEL,SHOOT_SCHEDULED,EDIT_IN_PROGRESS,R0,user_002,EDITOR,🎬 Being crafted,2026-08-23,"On track for festive delivery schedule",MEDIUM,2026-08-21,2026-08-18T16:15:00Z,✅ On Track
proj_050,"Sweet Shop Behind the Scenes Cut",brand_001,VIDEO,RAW_RECEIVED,EDIT_IN_PROGRESS,R0,user_007,EDITOR,🎬 Being crafted,2026-08-24,"On track for festive delivery schedule",MEDIUM,2026-08-22,2026-08-18T16:15:00Z,✅ On Track
proj_051,"Artisanal Besan Ladoo Spotlight",brand_001,REEL,EDIT_IN_PROGRESS,EDIT_IN_PROGRESS,R0,user_002,EDITOR,🎬 Being crafted,2026-08-25,"On track for festive delivery schedule",MEDIUM,2026-08-23,2026-08-18T16:15:00Z,✅ On Track
proj_052,"Rakhi Express Delivery Reminder",brand_001,STATIC,SCRIPT_APPROVED,EDIT_IN_PROGRESS,R0,user_006,CREATIVE,🎬 Being crafted,2026-08-26,"On track for festive delivery schedule",MEDIUM,2026-08-24,2026-08-18T16:15:00Z,✅ On Track
proj_053,"Sibling Banter Studio Reel",brand_001,REEL,PRE_PRODUCTION,EDIT_IN_PROGRESS,R0,user_004,CREATIVE,🎬 Being crafted,2026-08-27,"On track for festive delivery schedule",MEDIUM,2026-08-25,2026-08-18T16:15:00Z,✅ On Track
proj_054,"Luxury Sweet Box Gifting Film",brand_001,VIDEO,CONCEPT_SENT,EDIT_IN_PROGRESS,R0,user_005,CREATIVE,🎬 Being crafted,2026-08-28,"On track for festive delivery schedule",MEDIUM,2026-08-18,2026-08-18T16:15:00Z,✅ On Track
proj_055,"Choco Butterscotch Barks Reel",brand_001,REEL,EDIT_IN_PROGRESS,EDIT_IN_PROGRESS,R0,user_007,EDITOR,🎬 Being crafted,2026-08-29,"On track for festive delivery schedule",MEDIUM,2026-08-19,2026-08-18T16:15:00Z,✅ On Track
proj_056,"Festive Collection Menu Carousel",brand_001,CAROUSEL,FIRST_CUT_SENT,FIRST_CUT_SENT,R0,user_003,CREATIVE,📋 Awaiting your feedback,2026-08-20,"On track for festive delivery schedule",MEDIUM,2026-08-20,2026-08-18T16:15:00Z,✅ On Track
proj_057,"Heritage Flavors Brand Anthem",brand_001,VIDEO,RAW_RECEIVED,EDIT_IN_PROGRESS,R0,user_002,EDITOR,🎬 Being crafted,2026-08-21,"On track for festive delivery schedule",MEDIUM,2026-08-21,2026-08-18T16:15:00Z,✅ On Track
proj_058,"Celebration Hamper Static Feature",brand_001,STATIC,CONCEPT_APPROVED,EDIT_IN_PROGRESS,R0,user_006,CREATIVE,🎬 Being crafted,2026-08-22,"On track for festive delivery schedule",MEDIUM,2026-08-22,2026-08-18T16:15:00Z,✅ On Track
proj_059,"Gourmet Sweet Tasting Reel",brand_001,REEL,EDIT_IN_PROGRESS,EDIT_IN_PROGRESS,R0,user_007,EDITOR,🎬 Being crafted,2026-08-23,"On track for festive delivery schedule",MEDIUM,2026-08-23,2026-08-18T16:15:00Z,✅ On Track
proj_060,"Custom Hamper Builder Explainer",brand_001,REEL,FIRST_CUT_READY,FIRST_CUT_READY,R0,user_002,EDITOR,🎬 Almost ready,2026-08-24,"On track for festive delivery schedule",MEDIUM,2026-08-24,2026-08-18T16:15:00Z,✅ On Track
proj_061,"Corporate Gifting Catalog Story",brand_001,STORY,SCRIPT_APPROVED,EDIT_IN_PROGRESS,R0,user_005,CREATIVE,🎬 Being crafted,2026-08-25,"On track for festive delivery schedule",MEDIUM,2026-08-25,2026-08-18T16:15:00Z,✅ On Track
proj_062,"Festive Early Bird Offer Static",brand_001,STATIC,CONCEPT_APPROVED,EDIT_IN_PROGRESS,R0,user_006,CREATIVE,🎬 Being crafted,2026-08-26,"On track for festive delivery schedule",MEDIUM,2026-08-18,2026-08-18T16:15:00Z,✅ On Track
proj_063,"Full-Stack Dev Salary Breakdown Reel",brand_002,REEL,EDIT_IN_PROGRESS,EDIT_IN_PROGRESS,R0,user_009,EDITOR,🎬 Being crafted,2026-08-21,"Growth pipeline asset on schedule",MEDIUM,2026-08-19,2026-08-18T16:15:00Z,✅ On Track
proj_064,"Resume Mistakes That Cost You Interviews",brand_002,REEL,FIRST_CUT_SENT,FIRST_CUT_SENT,R0,user_009,EDITOR,📋 Awaiting your feedback,2026-08-22,"Growth pipeline asset on schedule",MEDIUM,2026-08-20,2026-08-18T16:15:00Z,✅ On Track
proj_065,"How to Crack FAANG Behavioral Round",brand_002,VIDEO,CONCEPT_APPROVED,EDIT_IN_PROGRESS,R0,user_003,EDITOR,🎬 Being crafted,2026-08-23,"Growth pipeline asset on schedule",MEDIUM,2026-08-21,2026-08-18T16:15:00Z,✅ On Track
proj_066,"Top 5 Tech Skills for 2027 Carousel",brand_002,CAROUSEL,SCRIPT_APPROVED,EDIT_IN_PROGRESS,R0,user_006,EDITOR,🎬 Being crafted,2026-08-24,"Growth pipeline asset on schedule",MEDIUM,2026-08-22,2026-08-18T16:15:00Z,✅ On Track
proj_067,"Remote Work Interview Tips Reel",brand_002,REEL,EDIT_IN_PROGRESS,EDIT_IN_PROGRESS,R0,user_010,EDITOR,🎬 Being crafted,2026-08-25,"Growth pipeline asset on schedule",MEDIUM,2026-08-23,2026-08-18T16:15:00Z,✅ On Track
proj_068,"Career Switch at 30 Success Story",brand_002,VIDEO,RAW_RECEIVED,EDIT_IN_PROGRESS,R0,user_010,EDITOR,🎬 Being crafted,2026-08-26,"Growth pipeline asset on schedule",MEDIUM,2026-08-24,2026-08-18T16:15:00Z,✅ On Track
proj_069,"AI Tools for Product Managers Story",brand_002,STORY,FIRST_CUT_READY,FIRST_CUT_READY,R0,user_004,EDITOR,🎬 Almost ready,2026-08-27,"Growth pipeline asset on schedule",MEDIUM,2026-08-25,2026-08-18T16:15:00Z,✅ On Track
proj_070,"Tech Lead Offer Negotiation Tactics",brand_002,REEL,EDIT_IN_PROGRESS,EDIT_IN_PROGRESS,R0,user_009,EDITOR,🎬 Being crafted,2026-08-28,"Growth pipeline asset on schedule",MEDIUM,2026-08-19,2026-08-18T16:15:00Z,✅ On Track
proj_071,"Coding Bootcamp vs Self-Taught Static",brand_002,STATIC,CONCEPT_APPROVED,EDIT_IN_PROGRESS,R0,user_006,EDITOR,🎬 Being crafted,2026-08-21,"Growth pipeline asset on schedule",MEDIUM,2026-08-20,2026-08-18T16:15:00Z,✅ On Track
proj_072,"Junior to Senior Dev in 2 Years Reel",brand_002,REEL,FIRST_CUT_SENT,FIRST_CUT_SENT,R0,user_010,EDITOR,📋 Awaiting your feedback,2026-08-22,"Growth pipeline asset on schedule",MEDIUM,2026-08-21,2026-08-18T16:15:00Z,✅ On Track
proj_073,"System Design Interview Blueprint",brand_002,CAROUSEL,SCRIPT_APPROVED,EDIT_IN_PROGRESS,R0,user_005,EDITOR,🎬 Being crafted,2026-08-23,"Growth pipeline asset on schedule",MEDIUM,2026-08-22,2026-08-18T16:15:00Z,✅ On Track
proj_074,"Hiring Manager Q&A Snippet",brand_002,REEL,EDIT_IN_PROGRESS,EDIT_IN_PROGRESS,R0,user_009,EDITOR,🎬 Being crafted,2026-08-24,"Growth pipeline asset on schedule",MEDIUM,2026-08-23,2026-08-18T16:15:00Z,✅ On Track
proj_075,"Job Portal Algorithm Hack Reel",brand_002,REEL,PRE_PRODUCTION,EDIT_IN_PROGRESS,R0,user_004,EDITOR,🎬 Being crafted,2026-08-25,"Growth pipeline asset on schedule",MEDIUM,2026-08-24,2026-08-18T16:15:00Z,✅ On Track
proj_076,"Tech Career Roadmap 2027 Carousel",brand_002,CAROUSEL,SCRIPT_APPROVED,EDIT_IN_PROGRESS,R0,user_005,EDITOR,🎬 Being crafted,2026-08-26,"Growth pipeline asset on schedule",MEDIUM,2026-08-25,2026-08-18T16:15:00Z,✅ On Track
proj_077,"UPI Lite 1-Tap Payments Explainer",brand_003,REEL,EDIT_IN_PROGRESS,EDIT_IN_PROGRESS,R0,user_008,EDITOR,🎬 Being crafted,2026-08-22,"On track enterprise deliverable",HIGH,2026-08-20,2026-08-18T16:15:00Z,✅ On Track
proj_078,"Merchant Smart Speaker Feature Reel",brand_003,REEL,FIRST_CUT_READY,FIRST_CUT_READY,R0,user_008,EDITOR,🎬 Almost ready,2026-08-23,"On track enterprise deliverable",HIGH,2026-08-21,2026-08-18T16:15:00Z,✅ On Track
proj_079,"Auto-Pay Subscription Safety Story",brand_003,STORY,CONCEPT_APPROVED,EDIT_IN_PROGRESS,R0,user_003,EDITOR,🎬 Being crafted,2026-08-24,"On track enterprise deliverable",HIGH,2026-08-22,2026-08-18T16:15:00Z,✅ On Track
proj_080,"TBM Agency Showreel 2026 Edition",brand_004,VIDEO,EDIT_IN_PROGRESS,EDIT_IN_PROGRESS,R0,user_008,EDITOR,🎬 Being crafted,2026-08-25,"Internal creative reel on track",MEDIUM,2026-08-23,2026-08-18T16:15:00Z,✅ On Track
proj_081,"TBM Agency Website Hero Video",brand_004,VIDEO,DELIVERED,FINAL,R1,user_008,EDITOR,📦 Delivered,2026-08-10,"Client sign-off complete. Archive ready.",LOW,2026-08-08,2026-08-10T12:00:00Z,✅ On Track
proj_082,"TBM Creator Roster Showcase Reel",brand_004,REEL,DELIVERED,FINAL,R1,user_007,EDITOR,📦 Delivered,2026-08-10,"Client sign-off complete. Archive ready.",LOW,2026-08-08,2026-08-10T12:00:00Z,✅ On Track
proj_083,"Everstage Sales Commission Playbook Reel",brand_006,REEL,DELIVERED,FINAL,R1,user_002,EDITOR,📦 Delivered,2026-08-10,"Client sign-off complete. Archive ready.",LOW,2026-08-08,2026-08-10T12:00:00Z,✅ On Track
proj_084,"Everstage Enterprise ROI Case Study Video",brand_006,VIDEO,DELIVERED,FINAL,R1,user_002,EDITOR,📦 Delivered,2026-08-10,"Client sign-off complete. Archive ready.",LOW,2026-08-08,2026-08-10T12:00:00Z,✅ On Track
proj_085,"Unseen Men Summer Collection Teaser",brand_005,REEL,DELIVERED,FINAL,R1,user_007,EDITOR,📦 Delivered,2026-08-10,"Client sign-off complete. Archive ready.",LOW,2026-08-08,2026-08-10T12:00:00Z,✅ On Track
proj_086,"Big Leap Career Masterclass Cut #1",brand_002,REEL,DELIVERED,FINAL,R1,user_009,EDITOR,📦 Delivered,2026-08-10,"Client sign-off complete. Archive ready.",LOW,2026-08-08,2026-08-10T12:00:00Z,✅ On Track
proj_087,"Big Leap Career Masterclass Cut #2",brand_002,REEL,DELIVERED,FINAL,R1,user_009,EDITOR,📦 Delivered,2026-08-10,"Client sign-off complete. Archive ready.",LOW,2026-08-08,2026-08-10T12:00:00Z,✅ On Track
proj_088,"Big Leap Career Masterclass Cut #3",brand_002,REEL,DELIVERED,FINAL,R1,user_009,EDITOR,📦 Delivered,2026-08-10,"Client sign-off complete. Archive ready.",LOW,2026-08-08,2026-08-10T12:00:00Z,✅ On Track
proj_089,"Big Leap Career Masterclass Cut #4",brand_002,REEL,DELIVERED,FINAL,R1,user_009,EDITOR,📦 Delivered,2026-08-10,"Client sign-off complete. Archive ready.",LOW,2026-08-08,2026-08-10T12:00:00Z,✅ On Track
proj_090,"Big Leap Career Masterclass Cut #5",brand_002,REEL,DELIVERED,FINAL,R1,user_009,EDITOR,📦 Delivered,2026-08-10,"Client sign-off complete. Archive ready.",LOW,2026-08-08,2026-08-10T12:00:00Z,✅ On Track
proj_091,"Big Leap Career Masterclass Cut #6",brand_002,REEL,DELIVERED,FINAL,R1,user_009,EDITOR,📦 Delivered,2026-08-10,"Client sign-off complete. Archive ready.",LOW,2026-08-08,2026-08-10T12:00:00Z,✅ On Track
proj_092,"Big Leap Career Masterclass Cut #7",brand_002,REEL,DELIVERED,FINAL,R1,user_009,EDITOR,📦 Delivered,2026-08-10,"Client sign-off complete. Archive ready.",LOW,2026-08-08,2026-08-10T12:00:00Z,✅ On Track
proj_093,"Big Leap Career Masterclass Cut #8",brand_002,REEL,DELIVERED,FINAL,R1,user_009,EDITOR,📦 Delivered,2026-08-10,"Client sign-off complete. Archive ready.",LOW,2026-08-08,2026-08-10T12:00:00Z,✅ On Track
proj_094,"Big Leap Career Masterclass Cut #9",brand_002,REEL,DELIVERED,FINAL,R1,user_009,EDITOR,📦 Delivered,2026-08-10,"Client sign-off complete. Archive ready.",LOW,2026-08-08,2026-08-10T12:00:00Z,✅ On Track
proj_095,"Big Leap Career Masterclass Cut #10",brand_002,REEL,DELIVERED,FINAL,R1,user_009,EDITOR,📦 Delivered,2026-08-10,"Client sign-off complete. Archive ready.",LOW,2026-08-08,2026-08-10T12:00:00Z,✅ On Track
proj_096,"Big Leap Career Masterclass Cut #11",brand_002,REEL,DELIVERED,FINAL,R1,user_009,EDITOR,📦 Delivered,2026-08-10,"Client sign-off complete. Archive ready.",LOW,2026-08-08,2026-08-10T12:00:00Z,✅ On Track
proj_097,"Phone Pe UPI Merchant Success Story #1",brand_003,VIDEO,DELIVERED,FINAL,R1,user_007,EDITOR,📦 Delivered,2026-08-10,"Client sign-off complete. Archive ready.",LOW,2026-08-08,2026-08-10T12:00:00Z,✅ On Track
proj_098,"Phone Pe UPI Merchant Success Story #2",brand_003,VIDEO,DELIVERED,FINAL,R1,user_007,EDITOR,📦 Delivered,2026-08-10,"Client sign-off complete. Archive ready.",LOW,2026-08-08,2026-08-10T12:00:00Z,✅ On Track
proj_099,"Phone Pe UPI Merchant Success Story #3",brand_003,VIDEO,DELIVERED,FINAL,R1,user_007,EDITOR,📦 Delivered,2026-08-10,"Client sign-off complete. Archive ready.",LOW,2026-08-08,2026-08-10T12:00:00Z,✅ On Track
proj_100,"Phone Pe UPI Merchant Success Story #4",brand_003,VIDEO,DELIVERED,FINAL,R1,user_007,EDITOR,📦 Delivered,2026-08-10,"Client sign-off complete. Archive ready.",LOW,2026-08-08,2026-08-10T12:00:00Z,✅ On Track
proj_101,"Phone Pe UPI Merchant Success Story #5",brand_003,VIDEO,DELIVERED,FINAL,R1,user_007,EDITOR,📦 Delivered,2026-08-10,"Client sign-off complete. Archive ready.",LOW,2026-08-08,2026-08-10T12:00:00Z,✅ On Track
proj_102,"Phone Pe UPI Merchant Success Story #6",brand_003,VIDEO,DELIVERED,FINAL,R1,user_007,EDITOR,📦 Delivered,2026-08-10,"Client sign-off complete. Archive ready.",LOW,2026-08-08,2026-08-10T12:00:00Z,✅ On Track
proj_103,"Phone Pe UPI Merchant Success Story #7",brand_003,VIDEO,DELIVERED,FINAL,R1,user_007,EDITOR,📦 Delivered,2026-08-10,"Client sign-off complete. Archive ready.",LOW,2026-08-08,2026-08-10T12:00:00Z,✅ On Track
proj_104,"Phone Pe UPI Merchant Success Story #8",brand_003,VIDEO,DELIVERED,FINAL,R1,user_007,EDITOR,📦 Delivered,2026-08-10,"Client sign-off complete. Archive ready.",LOW,2026-08-08,2026-08-10T12:00:00Z,✅ On Track
proj_105,"Phone Pe UPI Merchant Success Story #9",brand_003,VIDEO,DELIVERED,FINAL,R1,user_007,EDITOR,📦 Delivered,2026-08-10,"Client sign-off complete. Archive ready.",LOW,2026-08-08,2026-08-10T12:00:00Z,✅ On Track
proj_106,"Phone Pe UPI Merchant Success Story #10",brand_003,VIDEO,DELIVERED,FINAL,R1,user_007,EDITOR,📦 Delivered,2026-08-10,"Client sign-off complete. Archive ready.",LOW,2026-08-08,2026-08-10T12:00:00Z,✅ On Track
proj_107,"Phone Pe UPI Merchant Success Story #11",brand_003,VIDEO,DELIVERED,FINAL,R1,user_007,EDITOR,📦 Delivered,2026-08-10,"Client sign-off complete. Archive ready.",LOW,2026-08-08,2026-08-10T12:00:00Z,✅ On Track
proj_108,"Phone Pe UPI Merchant Success Story #12",brand_003,VIDEO,DELIVERED,FINAL,R1,user_007,EDITOR,📦 Delivered,2026-08-10,"Client sign-off complete. Archive ready.",LOW,2026-08-08,2026-08-10T12:00:00Z,✅ On Track
proj_109,"Phone Pe UPI Merchant Success Story #13",brand_003,VIDEO,DELIVERED,FINAL,R1,user_007,EDITOR,📦 Delivered,2026-08-10,"Client sign-off complete. Archive ready.",LOW,2026-08-08,2026-08-10T12:00:00Z,✅ On Track
